Slide,Type,Titre,Sous-titre,Contenu
1,title,Skin-Twin-AI,Intelligence Artificielle pour l'Analyse de la Peau,"‚Ä¢ Application intelligente d'analyse dermatologique
‚Ä¢ Recommandations personnalis√©es de soins
‚Ä¢ Powered by AI & Machine Learning"
2,content,Introduction,,"‚Ä¢ Skin-Twin-AI r√©volutionne les soins de la peau gr√¢ce √† l'intelligence artificielle
‚Ä¢ Analyse pr√©cise de votre peau en quelques secondes
‚Ä¢ Recommandations personnalis√©es bas√©es sur votre profil unique
‚Ä¢ Assistant IA conversationnel disponible 24/7"
3,problem,La Probl√©matique,,"‚Ä¢ Difficult√© √† identifier son type de peau pr√©cis√©ment
‚Ä¢ Manque d'acc√®s √† des conseils dermatologiques professionnels
‚Ä¢ Surcharge d'informations contradictoires sur internet
‚Ä¢ Produits cosm√©tiques mal adapt√©s = r√©sultats d√©cevants
‚Ä¢ Co√ªt √©lev√© des consultations dermatologiques"
4,solution,Notre Solution,,"‚Ä¢ Analyse instantan√©e de la peau via photo
‚Ä¢ D√©tection automatique des probl√®mes cutan√©s
‚Ä¢ Recommandations de produits personnalis√©es
‚Ä¢ Assistant IA pour conseils en temps r√©el
‚Ä¢ Suivi de l'√©volution de votre peau"
5,overview,Vue d'Ensemble de l'Application,,"‚Ä¢ Frontend React + TypeScript
‚Ä¢ Backend Django REST Framework
‚Ä¢ 5 Mod√®les de Machine Learning int√©gr√©s
‚Ä¢ API IA conversationnelle (Groq/Gemini)
‚Ä¢ Syst√®me de recommandation intelligent
‚Ä¢ Dashboard avec statistiques"
6,features,Fonctionnalit√©s Principales,,"‚Ä¢ ü§ñ Assistant IA conversationnel avec Groq API
‚Ä¢ üé§ Reconnaissance vocale pour interagir avec le chat
‚Ä¢ üì∏ Analyse de peau via upload d'images
‚Ä¢ üìä Dashboard avec statistiques et graphiques
‚Ä¢ üí¨ Syst√®me de t√©moignages utilisateurs
‚Ä¢ üîê Authentification JWT s√©curis√©e"
7,feature_detail,Analyse de Peau Avanc√©e,,"‚Ä¢ Classification du type de peau (S√®che, Normale, Grasse)
‚Ä¢ D√©tection de l'acn√© avec niveau de s√©v√©rit√©
‚Ä¢ Identification des rides et signes de vieillissement
‚Ä¢ D√©tection des taches sombres et hyperpigmentation
‚Ä¢ Analyse des rougeurs et irritations
‚Ä¢ Image annot√©e avec zones d√©tect√©es"
8,ml_models,Mod√®les de Machine Learning,,"‚Ä¢ CNN (Convolutional Neural Network) pour classification du type de peau
‚Ä¢ YOLOv8 pour d√©tection d'objets (acn√©, rides, taches)
‚Ä¢ Mod√®les de segmentation pour zones pr√©cises
‚Ä¢ 5 mod√®les int√©gr√©s fonctionnant en parall√®le
‚Ä¢ Pr√©cision √©lev√©e gr√¢ce √† l'entra√Ænement sur grandes bases de donn√©es"
9,architecture,Architecture Frontend,,"‚Ä¢ React 18+ avec TypeScript
‚Ä¢ Material-UI (MUI) pour l'interface moderne
‚Ä¢ React Router pour la navigation
‚Ä¢ Axios pour les appels API
‚Ä¢ Web Speech API pour la reconnaissance vocale
‚Ä¢ Design responsive et mobile-first"
10,architecture,Architecture Backend,,"‚Ä¢ Django 5.2.6 + Django REST Framework
‚Ä¢ SQLite pour le d√©veloppement
‚Ä¢ MySQL pour la production
‚Ä¢ JWT Authentication pour la s√©curit√©
‚Ä¢ Architecture modulaire (chat_ai, detection, users, products)
‚Ä¢ API RESTful compl√®te"
11,ai_chat,Assistant IA Conversationnel,,"‚Ä¢ Int√©gration avec Groq API (Llama 3.1)
‚Ä¢ Support pour Gemini AI et Ollama
‚Ä¢ Contexte utilisateur int√©gr√© (√¢ge, type de peau, historique)
‚Ä¢ Recommandations de routines personnalis√©es
‚Ä¢ Explications d√©taill√©es des ingr√©dients
‚Ä¢ R√©ponses en fran√ßais naturel et professionnel"
12,recommendation,Syst√®me de Recommandation Intelligent,,"‚Ä¢ Algorithme de scoring multi-crit√®res
‚Ä¢ Matching bas√© sur le type de peau d√©tect√©
‚Ä¢ Adaptation aux probl√®mes cutan√©s identifi√©s
‚Ä¢ Diversification des sources de produits
‚Ä¢ Score de confiance pour chaque recommandation
‚Ä¢ Base de donn√©es de produits scrap√©s automatiquement"
13,tech_stack,Technologies Machine Learning,,"‚Ä¢ PyTorch 2.0+ pour les mod√®les CNN
‚Ä¢ Ultralytics YOLOv8 pour la d√©tection
‚Ä¢ OpenCV pour le traitement d'images
‚Ä¢ scikit-learn pour le preprocessing
‚Ä¢ XGBoost pour les mod√®les de scoring
‚Ä¢ TensorFlow pour les mod√®les GAN"
14,mlops,MLOps et Infrastructure,,"‚Ä¢ MLflow pour le Model Registry
‚Ä¢ Monitoring en production
‚Ä¢ Pipelines de training automatis√©s
‚Ä¢ D√©tection de d√©rive des donn√©es
‚Ä¢ Versioning des donn√©es avec DVC
‚Ä¢ CI/CD avec GitHub Actions"
15,security,S√©curit√© et Authentification,,"‚Ä¢ JWT (JSON Web Tokens) pour l'authentification
‚Ä¢ Chiffrement des donn√©es sensibles
‚Ä¢ Validation des uploads d'images
‚Ä¢ Protection CSRF int√©gr√©e
‚Ä¢ Gestion s√©curis√©e des cl√©s API
‚Ä¢ Conformit√© RGPD"
16,dashboard,Dashboard Utilisateur,,"‚Ä¢ Historique complet des analyses
‚Ä¢ Graphiques d'√©volution de la peau
‚Ä¢ Statistiques de suivi
‚Ä¢ Comparaison avant/apr√®s
‚Ä¢ M√©triques de confiance des pr√©dictions
‚Ä¢ Visualisation des recommandations"
17,use_case,Cas d'Usage: Traitement de l'Acn√©,,"‚Ä¢ D√©tection automatique de l'acn√© et s√©v√©rit√©
‚Ä¢ Recommandation de produits avec acide salicylique
‚Ä¢ Routine personnalis√©e matin/soir
‚Ä¢ Suivi de l'√©volution sur plusieurs semaines
‚Ä¢ Conseils adapt√©s selon le type de peau
‚Ä¢ Pr√©vention des cicatrices"
18,use_case,Cas d'Usage: Soins Anti-√¢ge,,"‚Ä¢ D√©tection des rides et signes de vieillissement
‚Ä¢ Recommandation de produits avec r√©tinol
‚Ä¢ Routine avec vitamine C le matin
‚Ä¢ Protection solaire quotidienne
‚Ä¢ Suivi de l'am√©lioration de la texture
‚Ä¢ Conseils adapt√©s √† l'√¢ge"
19,use_case,Cas d'Usage: Taches Pigmentaires,,"‚Ä¢ D√©tection de l'hyperpigmentation
‚Ä¢ Recommandation de produits √©claircissants
‚Ä¢ Routine avec acide az√©la√Øque et niacinamide
‚Ä¢ Importance de la protection solaire
‚Ä¢ Suivi de la r√©duction des taches
‚Ä¢ Pr√©vention de nouvelles taches"
20,ui,Interface Utilisateur Moderne,,"‚Ä¢ Design √©pur√© et intuitif
‚Ä¢ Th√®me m√©dical professionnel
‚Ä¢ Navigation fluide entre les sections
‚Ä¢ Upload d'images par glisser-d√©poser
‚Ä¢ Chat en temps r√©el avec l'IA
‚Ä¢ Visualisations interactives"
21,products,Base de Donn√©es de Produits,,"‚Ä¢ Scraping automatique de sites e-commerce
‚Ä¢ Plus de 1000 produits r√©f√©renc√©s
‚Ä¢ Informations d√©taill√©es (ingr√©dients, prix, taille)
‚Ä¢ Cat√©gorisation intelligente
‚Ä¢ Mise √† jour r√©guli√®re automatique
‚Ä¢ Filtrage par type de peau et probl√®mes"
22,performance,Performance et Scalabilit√©,,"‚Ä¢ Temps d'analyse < 5 secondes
‚Ä¢ Optimisation des mod√®les ML
‚Ä¢ Cache des r√©sultats fr√©quents
‚Ä¢ Architecture modulaire et extensible
‚Ä¢ Support Docker pour d√©ploiement
‚Ä¢ Pr√™t pour la production"
23,deployment,D√©ploiement avec Docker,,"‚Ä¢ Docker Compose pour orchestration
‚Ä¢ Conteneurs s√©par√©s frontend/backend
‚Ä¢ Configuration d'environnement simplifi√©e
‚Ä¢ Scripts de d√©marrage automatique
‚Ä¢ Documentation compl√®te
‚Ä¢ Export et partage facilit√©s"
24,api,API REST Endpoints,,"‚Ä¢ /api/auth/ - Authentification
‚Ä¢ /api/detection/analyze/ - Analyse de peau
‚Ä¢ /api/chat/ - Assistant IA
‚Ä¢ /api/recommendations/ - Recommandations
‚Ä¢ /api/products/ - Gestion produits
‚Ä¢ /api/users/ - Profil utilisateur"
25,testing,Tests et Assurance Qualit√©,,"‚Ä¢ Tests unitaires avec pytest
‚Ä¢ Tests d'int√©gration Django
‚Ä¢ Validation des mod√®les ML
‚Ä¢ Tests de performance
‚Ä¢ Validation des donn√©es utilisateur
‚Ä¢ Monitoring des erreurs en production"
26,stats,Statistiques et M√©triques,,"‚Ä¢ Suivi du nombre d'analyses effectu√©es
‚Ä¢ Taux de pr√©cision des pr√©dictions
‚Ä¢ Temps moyen de traitement
‚Ä¢ Satisfaction utilisateur
‚Ä¢ Taux de conversion des recommandations
‚Ä¢ Performance des mod√®les ML"
27,roadmap,Roadmap Future,,"‚Ä¢ Application mobile iOS/Android
‚Ä¢ Int√©gration de plus de mod√®les ML
‚Ä¢ Reconnaissance faciale avanc√©e
‚Ä¢ Partage social des r√©sultats
‚Ä¢ Programme de fid√©lit√©
‚Ä¢ Partenariats avec marques cosm√©tiques"
28,competitive,Avantages Concurrentiels,,"‚Ä¢ 5 mod√®les ML int√©gr√©s (vs 1-2 pour concurrents)
‚Ä¢ Assistant IA conversationnel avanc√©
‚Ä¢ Recommandations ultra-personnalis√©es
‚Ä¢ Interface moderne et intuitive
‚Ä¢ Gratuit et accessible √† tous
‚Ä¢ Open source et extensible"
29,impact,Impact et B√©n√©fices,,"‚Ä¢ D√©mocratisation des soins dermatologiques
‚Ä¢ √âconomies pour les utilisateurs
‚Ä¢ Meilleure compr√©hension de sa peau
‚Ä¢ Choix de produits plus √©clair√©s
‚Ä¢ Pr√©vention des probl√®mes cutan√©s
‚Ä¢ Am√©lioration de la confiance en soi"
30,conclusion,Conclusion,,"‚Ä¢ Skin-Twin-AI combine IA et dermatologie
‚Ä¢ Solution compl√®te et accessible
‚Ä¢ Technologie de pointe au service de tous
‚Ä¢ √âvolution continue gr√¢ce au feedback utilisateurs
‚Ä¢ Rejoignez la r√©volution des soins de la peau intelligents"
31,thanks,Remerciements,,"‚Ä¢ Groq pour l'API IA
‚Ä¢ Material-UI pour les composants
‚Ä¢ Django et React communities
‚Ä¢ Ultralytics pour YOLOv8
‚Ä¢ Tous les contributeurs open source
‚Ä¢ Merci de votre attention !"
32,contact,Contact et Ressources,,"‚Ä¢ GitHub: github.com/skin-twin-ai
‚Ä¢ Documentation compl√®te disponible
‚Ä¢ Guide de d√©marrage rapide
‚Ä¢ Support technique disponible
‚Ä¢ D√©velopp√© par Mohamed Sayari
‚Ä¢ Licence MIT"
